{
  "properties": {
    "connectionReferences": {
      "shared_sharepointonline_1": {
        "runtimeSource": "invoker",
        "connection": {
          "connectionReferenceLogicalName": "gdtg_sharedsharepointonline_643a8"
        },
        "api": {
          "name": "shared_sharepointonline"
        }
      },
      "shared_approvals": {
        "runtimeSource": "invoker",
        "connection": {
          "connectionReferenceLogicalName": "gdtg_sharedapprovals_30a51"
        },
        "api": {
          "name": "shared_approvals"
        }
      },
      "shared_teams": {
        "runtimeSource": "invoker",
        "connection": {
          "connectionReferenceLogicalName": "gdtg_sharedteams_a9704"
        },
        "api": {
          "name": "shared_teams"
        }
      },
      "shared_wordonlinebusiness": {
        "runtimeSource": "embedded",
        "connection": {
          "connectionReferenceLogicalName": "gdtg_sharedwordonlinebusiness_457b6"
        },
        "api": {
          "name": "shared_wordonlinebusiness"
        }
      }
    },
    "definition": {
      "$schema": "https://schema.management.azure.com/providers/Microsoft.Logic/schemas/2016-06-01/workflowdefinition.json#",
      "contentVersion": "1.0.0.0",
      "parameters": {
        "$connections": {
          "defaultValue": {},
          "type": "Object"
        },
        "$authentication": {
          "defaultValue": {},
          "type": "SecureObject"
        }
      },
      "triggers": {
        "manual": {
          "metadata": {
            "operationMetadataId": "104c269d-c2de-4379-b8b5-9bcb0f92928b"
          },
          "type": "Request",
          "kind": "PowerAppV2",
          "inputs": {
            "schema": {
              "type": "object",
              "properties": {
                "text": {
                  "title": "SolicitudID",
                  "type": "string",
                  "x-ms-dynamically-added": true,
                  "description": "Please enter your input",
                  "x-ms-content-hint": "TEXT"
                }
              },
              "required": [
                "text"
              ]
            }
          }
        }
      },
      "actions": {
        "Try": {
          "actions": {
            "Obtener_Solicitud": {
              "runAfter": {},
              "metadata": {
                "operationMetadataId": "ec516a3a-aa60-4a69-b650-df33fa7541e9"
              },
              "type": "OpenApiConnection",
              "inputs": {
                "host": {
                  "connectionName": "shared_sharepointonline_1",
                  "operationId": "GetItem",
                  "apiId": "/providers/Microsoft.PowerApps/apis/shared_sharepointonline"
                },
                "parameters": {
                  "dataset": "https://gdeltesgar.sharepoint.com/sites/RRHH",
                  "table": "09a3cab4-7a32-49e2-9de9-74c6e8c0825a",
                  "id": "@int(triggerBody()['text'])"
                },
                "authentication": "@parameters('$authentication')"
              }
            },
            "Iniciar_y_esperar_una_aprobación": {
              "runAfter": {
                "Responder_a_una_instancia_de_PowerApps_o_a_un_flujo": [
                  "Succeeded"
                ]
              },
              "metadata": {
                "operationMetadataId": "1a492a72-237f-4c15-8fb6-ff322e7628ff"
              },
              "type": "OpenApiConnectionWebhook",
              "inputs": {
                "host": {
                  "connectionName": "shared_approvals",
                  "operationId": "StartAndWaitForAnApproval",
                  "apiId": "/providers/Microsoft.PowerApps/apis/shared_approvals"
                },
                "parameters": {
                  "approvalType": "Basic",
                  "WebhookApprovalCreationInput/title": "Solicitud Ausencia",
                  "WebhookApprovalCreationInput/assignedTo": "@{outputs('Obtener_Manager')?['body/Email']};",
                  "WebhookApprovalCreationInput/details": "@{outputs('Obtener_Solicitud')?['body/Author/DisplayName']} solicita asusencia \"@{outputs('Obtener_Solicitud')?['body/Title']}\" del día @{outputs('Obtener_Solicitud')?['body/FechaInicio']} al @{outputs('Obtener_Solicitud')?['body/FechaFin']}.",
                  "WebhookApprovalCreationInput/enableNotifications": true,
                  "WebhookApprovalCreationInput/enableReassignment": false
                },
                "authentication": "@parameters('$authentication')"
              }
            },
            "Obtener_Manager": {
              "runAfter": {
                "Obtener_Solicitud": [
                  "Succeeded"
                ]
              },
              "metadata": {
                "operationMetadataId": "50d14a25-24cf-4f49-bee7-07180a05048f"
              },
              "type": "OpenApiConnection",
              "inputs": {
                "host": {
                  "connectionName": "shared_sharepointonline_1",
                  "operationId": "GetItem",
                  "apiId": "/providers/Microsoft.PowerApps/apis/shared_sharepointonline"
                },
                "parameters": {
                  "dataset": "https://gdeltesgar.sharepoint.com/sites/RRHH",
                  "table": "2f7e6cbd-0199-426b-ba77-4c89c717b6e2",
                  "id": "@outputs('Obtener_Solicitud')?['body/Manager/Id']"
                },
                "authentication": "@parameters('$authentication')"
              }
            },
            "Condición": {
              "actions": {
                "Publicar_mensaje_a_Solicitante_Aprobado": {
                  "runAfter": {
                    "Actualizar_Solicitud_Aprobada": [
                      "Succeeded"
                    ]
                  },
                  "metadata": {
                    "operationMetadataId": "a7bdb8f8-30d4-4f4a-879c-4e02d94787df"
                  },
                  "type": "OpenApiConnection",
                  "inputs": {
                    "host": {
                      "connectionName": "shared_teams",
                      "operationId": "PostMessageToConversation",
                      "apiId": "/providers/Microsoft.PowerApps/apis/shared_teams"
                    },
                    "parameters": {
                      "poster": "Flow bot",
                      "location": "Chat with Flow bot",
                      "body/recipient": "@{outputs('Obtener_Solicitud')?['body/Author/Email']};",
                      "body/messageBody": "<p><span style=\"font-size: 18px\"><u><strong>VACACIONES APP<br>\n</strong></u></span><br>\nSu solicitud con ID: @{outputs('Obtener_Solicitud')?['body/ID']} ha sido aprobada.<br>\nComentario Manager: @{outputs('Manager_comment')}</p>",
                      "body/isAlert": true
                    },
                    "authentication": "@parameters('$authentication')"
                  }
                },
                "Comprobante": {
                  "actions": {
                    "Obtener_Firma": {
                      "runAfter": {},
                      "metadata": {
                        "operationMetadataId": "3469cdc2-cb75-4f47-944a-ce22b2fcfa52"
                      },
                      "type": "OpenApiConnection",
                      "inputs": {
                        "host": {
                          "connectionName": "shared_sharepointonline_1",
                          "operationId": "GetItemAttachments",
                          "apiId": "/providers/Microsoft.PowerApps/apis/shared_sharepointonline"
                        },
                        "parameters": {
                          "dataset": "https://gdeltesgar.sharepoint.com/sites/RRHH",
                          "table": "2f7e6cbd-0199-426b-ba77-4c89c717b6e2",
                          "itemId": "@outputs('Obtener_Solicitud')?['body/Manager/Id']"
                        },
                        "authentication": "@parameters('$authentication')"
                      }
                    },
                    "Obtener_contenido_Firma": {
                      "runAfter": {
                        "Obtener_Firma": [
                          "Succeeded"
                        ]
                      },
                      "metadata": {
                        "operationMetadataId": "c1abd164-f267-4e5c-a6a0-9f3e9156be24"
                      },
                      "type": "OpenApiConnection",
                      "inputs": {
                        "host": {
                          "connectionName": "shared_sharepointonline_1",
                          "operationId": "GetAttachmentContent",
                          "apiId": "/providers/Microsoft.PowerApps/apis/shared_sharepointonline"
                        },
                        "parameters": {
                          "dataset": "https://gdeltesgar.sharepoint.com/sites/RRHH",
                          "table": "2f7e6cbd-0199-426b-ba77-4c89c717b6e2",
                          "itemId": "@outputs('Obtener_Solicitud')?['body/Manager/Id']",
                          "attachmentId": "@first(body('Obtener_Firma'))?['Id']"
                        },
                        "authentication": "@parameters('$authentication')"
                      }
                    },
                    "Rellenar_una_plantilla_de_Microsoft_Word": {
                      "runAfter": {
                        "Obtener_contenido_Firma": [
                          "Succeeded"
                        ]
                      },
                      "metadata": {
                        "01J7UBLPFAWD4RGNHKZZEJS3PNHTTGOKTG": "/Template.docx",
                        "operationMetadataId": "c0426d90-0000-4161-8faa-3a160caa2477"
                      },
                      "type": "OpenApiConnection",
                      "inputs": {
                        "host": {
                          "connectionName": "shared_wordonlinebusiness",
                          "operationId": "CreateFileItem",
                          "apiId": "/providers/Microsoft.PowerApps/apis/shared_wordonlinebusiness"
                        },
                        "parameters": {
                          "source": "sites/gdeltesgar.sharepoint.com,08ca7eb8-206a-4ad7-bc96-80fd62aa5995,4b2b199c-dbe0-449e-96b4-628228e2b97c",
                          "drive": "b!uH7KCGog10q8loD9YqpZlZwZK0vg255ElrRigijiuXxGfIWSOYMXToZELNeTxj_I",
                          "file": "01J7UBLPFAWD4RGNHKZZEJS3PNHTTGOKTG",
                          "dynamicFileSchema/229961834": "@formatDateTime(outputs('Obtener_Solicitud')?['body/FechaInicio'],'dd-MM-yyyy')",
                          "dynamicFileSchema/698436841": "@outputs('Obtener_Solicitud')?['body/Author/DisplayName']",
                          "dynamicFileSchema/879592172": "@formatDateTime(outputs('Obtener_Solicitud')?['body/FechaFin'],'dd-MM-yyyy')",
                          "dynamicFileSchema/1633205383": "@formatDateTime(outputs('Iniciar_y_esperar_una_aprobación')?['body/completionDate'],'dd-MM-yyyy')",
                          "dynamicFileSchema/-423109038": "@outputs('Obtener_Manager')?['body/Title']",
                          "dynamicFileSchema/-1275396037": "@outputs('Obtener_Manager')?['body/Title']",
                          "dynamicFileSchema/-594946188": "@body('Obtener_contenido_Firma')"
                        },
                        "authentication": "@parameters('$authentication')"
                      }
                    },
                    "Crear_archivo": {
                      "runAfter": {
                        "Rellenar_una_plantilla_de_Microsoft_Word": [
                          "Succeeded"
                        ]
                      },
                      "metadata": {
                        "operationMetadataId": "197b013f-9c30-4bbe-a23a-0f3ef157d6b0"
                      },
                      "type": "OpenApiConnection",
                      "inputs": {
                        "host": {
                          "connectionName": "shared_sharepointonline_1",
                          "operationId": "CreateFile",
                          "apiId": "/providers/Microsoft.PowerApps/apis/shared_sharepointonline"
                        },
                        "parameters": {
                          "dataset": "https://gdeltesgar.sharepoint.com/sites/RRHH",
                          "folderPath": "/Documentos compartidos",
                          "name": "SolicitudAprobada@{utcNow()}.docx",
                          "body": "@body('Rellenar_una_plantilla_de_Microsoft_Word')"
                        },
                        "authentication": "@parameters('$authentication')"
                      },
                      "runtimeConfiguration": {
                        "contentTransfer": {
                          "transferMode": "Chunked"
                        }
                      }
                    },
                    "Convertir_documento_de_Word_a_PDF": {
                      "runAfter": {
                        "Crear_archivo": [
                          "Succeeded"
                        ]
                      },
                      "metadata": {
                        "operationMetadataId": "cd8788b7-c56a-473c-a8fd-53c8256a6fa3"
                      },
                      "type": "OpenApiConnection",
                      "inputs": {
                        "host": {
                          "connectionName": "shared_wordonlinebusiness",
                          "operationId": "GetFilePDF",
                          "apiId": "/providers/Microsoft.PowerApps/apis/shared_wordonlinebusiness"
                        },
                        "parameters": {
                          "source": "sites/gdeltesgar.sharepoint.com,08ca7eb8-206a-4ad7-bc96-80fd62aa5995,4b2b199c-dbe0-449e-96b4-628228e2b97c",
                          "drive": "b!uH7KCGog10q8loD9YqpZlZwZK0vg255ElrRigijiuXxGfIWSOYMXToZELNeTxj_I",
                          "file": "/@{outputs('Crear_archivo')?['body/DisplayName']}"
                        },
                        "authentication": "@parameters('$authentication')"
                      }
                    },
                    "Agregar_datos_adjuntos": {
                      "runAfter": {
                        "Convertir_documento_de_Word_a_PDF": [
                          "Succeeded"
                        ]
                      },
                      "metadata": {
                        "operationMetadataId": "8c011d4b-14de-4f43-96fb-f6130d5eea3a"
                      },
                      "type": "OpenApiConnection",
                      "inputs": {
                        "host": {
                          "connectionName": "shared_sharepointonline_1",
                          "operationId": "CreateAttachment",
                          "apiId": "/providers/Microsoft.PowerApps/apis/shared_sharepointonline"
                        },
                        "parameters": {
                          "dataset": "https://gdeltesgar.sharepoint.com/sites/RRHH",
                          "table": "09a3cab4-7a32-49e2-9de9-74c6e8c0825a",
                          "itemId": "@outputs('Obtener_Solicitud')?['body/ID']",
                          "displayName": "Comprobante@{utcNow()}.pdf",
                          "body": "@body('Convertir_documento_de_Word_a_PDF')"
                        },
                        "authentication": "@parameters('$authentication')"
                      }
                    },
                    "Eliminar_archivo": {
                      "runAfter": {
                        "Agregar_datos_adjuntos": [
                          "Succeeded"
                        ]
                      },
                      "metadata": {
                        "operationMetadataId": "7330bb0f-25aa-4a5c-83c4-d4e648b6d87f"
                      },
                      "type": "OpenApiConnection",
                      "inputs": {
                        "host": {
                          "connectionName": "shared_sharepointonline_1",
                          "operationId": "DeleteFile",
                          "apiId": "/providers/Microsoft.PowerApps/apis/shared_sharepointonline"
                        },
                        "parameters": {
                          "dataset": "https://gdeltesgar.sharepoint.com/sites/RRHH",
                          "id": "@outputs('Crear_archivo')?['body/Id']"
                        },
                        "authentication": "@parameters('$authentication')"
                      }
                    }
                  },
                  "runAfter": {
                    "Publicar_mensaje_a_Solicitante_Aprobado": [
                      "Succeeded"
                    ]
                  },
                  "metadata": {
                    "operationMetadataId": "27d8d0bc-b338-47c4-8aad-367b537e4693"
                  },
                  "type": "Scope"
                },
                "Actualizar_Solicitud_Aprobada": {
                  "runAfter": {},
                  "metadata": {
                    "operationMetadataId": "28410bab-1eef-4484-886a-334737913e89"
                  },
                  "type": "OpenApiConnection",
                  "inputs": {
                    "host": {
                      "connectionName": "shared_sharepointonline_1",
                      "operationId": "PatchItem",
                      "apiId": "/providers/Microsoft.PowerApps/apis/shared_sharepointonline"
                    },
                    "parameters": {
                      "dataset": "https://gdeltesgar.sharepoint.com/sites/RRHH",
                      "table": "09a3cab4-7a32-49e2-9de9-74c6e8c0825a",
                      "id": "@outputs('Obtener_Solicitud')?['body/ID']",
                      "item/Estado/Value": "Aprobado",
                      "item/ComentarioManager": "@outputs('Manager_comment')"
                    },
                    "authentication": "@parameters('$authentication')"
                  }
                }
              },
              "runAfter": {
                "Manager_comment": [
                  "Succeeded"
                ]
              },
              "else": {
                "actions": {
                  "Actualizar_Solicitud_Rechazada": {
                    "runAfter": {},
                    "metadata": {
                      "operationMetadataId": "4a4a30bb-8d8c-465e-9fe9-eb88399e938e"
                    },
                    "type": "OpenApiConnection",
                    "inputs": {
                      "host": {
                        "connectionName": "shared_sharepointonline_1",
                        "operationId": "PatchItem",
                        "apiId": "/providers/Microsoft.PowerApps/apis/shared_sharepointonline"
                      },
                      "parameters": {
                        "dataset": "https://gdeltesgar.sharepoint.com/sites/RRHH",
                        "table": "09a3cab4-7a32-49e2-9de9-74c6e8c0825a",
                        "id": "@outputs('Obtener_Solicitud')?['body/ID']",
                        "item/Estado/Value": "Rechazado",
                        "item/ComentarioManager": "@outputs('Manager_comment')"
                      },
                      "authentication": "@parameters('$authentication')"
                    }
                  },
                  "Publicar_mensaje_a_Solicitante_Rechazado": {
                    "runAfter": {
                      "Actualizar_Solicitud_Rechazada": [
                        "Succeeded"
                      ]
                    },
                    "metadata": {
                      "operationMetadataId": "c2937c6d-350b-4aee-aaa5-69bdd0e16071"
                    },
                    "type": "OpenApiConnection",
                    "inputs": {
                      "host": {
                        "connectionName": "shared_teams",
                        "operationId": "PostMessageToConversation",
                        "apiId": "/providers/Microsoft.PowerApps/apis/shared_teams"
                      },
                      "parameters": {
                        "poster": "Flow bot",
                        "location": "Chat with Flow bot",
                        "body/recipient": "@{outputs('Obtener_Solicitud')?['body/Author/Email']};",
                        "body/messageBody": "<p><span style=\"font-size: 18px\"><u><strong>VACACIONES APP<br>\n</strong></u></span><br>\nSu solicitud con ID: @{outputs('Obtener_Solicitud')?['body/ID']} ha sido rechazada.<br>\nComentario Manager: @{outputs('Manager_comment')}</p>",
                        "body/isAlert": true
                      },
                      "authentication": "@parameters('$authentication')"
                    }
                  }
                }
              },
              "expression": {
                "equals": [
                  "@outputs('Iniciar_y_esperar_una_aprobación')?['body/outcome']",
                  "Approve"
                ]
              },
              "metadata": {
                "operationMetadataId": "ae504ae8-9f0f-430c-9d74-035e3c639399"
              },
              "type": "If"
            },
            "Actualizar_Solicitud": {
              "runAfter": {
                "Obtener_Manager": [
                  "Succeeded"
                ]
              },
              "metadata": {
                "operationMetadataId": "e9c8fd77-de90-4994-afe4-c0c125c0c94f"
              },
              "type": "OpenApiConnection",
              "inputs": {
                "host": {
                  "connectionName": "shared_sharepointonline_1",
                  "operationId": "PatchItem",
                  "apiId": "/providers/Microsoft.PowerApps/apis/shared_sharepointonline"
                },
                "parameters": {
                  "dataset": "https://gdeltesgar.sharepoint.com/sites/RRHH",
                  "table": "09a3cab4-7a32-49e2-9de9-74c6e8c0825a",
                  "id": "@outputs('Obtener_Solicitud')?['body/ID']",
                  "item/Estado/Value": "Pendiente"
                },
                "authentication": "@parameters('$authentication')"
              }
            },
            "Responder_a_una_instancia_de_PowerApps_o_a_un_flujo": {
              "runAfter": {
                "Actualizar_Solicitud": [
                  "Succeeded"
                ]
              },
              "metadata": {
                "operationMetadataId": "2df282c9-e89e-4c22-93ed-5758b2d6360b"
              },
              "type": "Response",
              "kind": "PowerApp",
              "inputs": {
                "statusCode": 200,
                "body": {},
                "schema": {
                  "type": "object",
                  "properties": {}
                }
              }
            },
            "Finalizar_2": {
              "runAfter": {
                "Condición": [
                  "Succeeded"
                ]
              },
              "metadata": {
                "operationMetadataId": "0ffa33c6-d662-4229-beea-fe1115194535"
              },
              "type": "Terminate",
              "inputs": {
                "runStatus": "Succeeded"
              }
            },
            "Manager_comment": {
              "runAfter": {
                "Iniciar_y_esperar_una_aprobación": [
                  "Succeeded"
                ]
              },
              "metadata": {
                "operationMetadataId": "6031c3e4-995f-4d09-805b-a52259babcf8"
              },
              "type": "Compose",
              "inputs": "@first(outputs('Iniciar_y_esperar_una_aprobación')?['body/responses'])?['comments']"
            }
          },
          "runAfter": {},
          "metadata": {
            "operationMetadataId": "fa8bf699-df52-40ca-9dec-80e70cfcb48b"
          },
          "type": "Scope"
        },
        "Catch": {
          "actions": {
            "Publicar_mensaje_error": {
              "runAfter": {},
              "metadata": {
                "operationMetadataId": "449bd066-13e8-4645-9d8e-b613515e7c3e"
              },
              "type": "OpenApiConnection",
              "inputs": {
                "host": {
                  "connectionName": "shared_teams",
                  "operationId": "PostMessageToConversation",
                  "apiId": "/providers/Microsoft.PowerApps/apis/shared_teams"
                },
                "parameters": {
                  "poster": "Flow bot",
                  "location": "Chat with Flow bot",
                  "body/recipient": "gdeltesgar@gdeltesgar.onmicrosoft.com;",
                  "body/messageBody": "<p>Se &nbsp;ha producido un error en la siguiente ejeccuión del flujo:@{concat('https://make.powerautomate.com/environments/', workflow()['tags']['environmentName'], '/flows/', workflow()['name'], '/runs/', workflow()['run']['name'])}</p>"
                },
                "authentication": "@parameters('$authentication')"
              }
            },
            "Finalizar": {
              "runAfter": {
                "Publicar_mensaje_error": [
                  "Succeeded"
                ]
              },
              "metadata": {
                "operationMetadataId": "c49aa5a5-8d6c-448e-97a9-0d3436fa4d25"
              },
              "type": "Terminate",
              "inputs": {
                "runStatus": "Failed"
              }
            }
          },
          "runAfter": {
            "Try": [
              "Failed"
            ]
          },
          "metadata": {
            "operationMetadataId": "85169bd9-4a9c-415b-8c85-6bb6d243ae57"
          },
          "type": "Scope"
        }
      }
    },
    "templateName": ""
  },
  "schemaVersion": "1.0.0.0"
}