<ImportExportXml xmlns:xsi="http://www.w3.org/2001/XMLSchema-instance">
  <Entities></Entities>
  <Roles></Roles>
  <Workflows>
    <Workflow WorkflowId="{dfc4959b-27cb-ee11-9079-000d3a44cbe3}" Name="SolicitudVacaciones">
      <JsonFileName>/Workflows/SolicitudVacaciones-DFC4959B-27CB-EE11-9079-000D3A44CBE3.json</JsonFileName>
      <Type>1</Type>
      <Subprocess>0</Subprocess>
      <Category>5</Category>
      <Mode>0</Mode>
      <Scope>4</Scope>
      <OnDemand>0</OnDemand>
      <TriggerOnCreate>0</TriggerOnCreate>
      <TriggerOnDelete>0</TriggerOnDelete>
      <AsyncAutodelete>0</AsyncAutodelete>
      <SyncWorkflowLogOnFailure>0</SyncWorkflowLogOnFailure>
      <StateCode>1</StateCode>
      <StatusCode>2</StatusCode>
      <RunAs>1</RunAs>
      <IsTransacted>1</IsTransacted>
      <IntroducedVersion>1.0.0.0</IntroducedVersion>
      <IsCustomizable>1</IsCustomizable>
      <BusinessProcessType>0</BusinessProcessType>
      <IsCustomProcessingStepAllowedForOtherPublishers>1</IsCustomProcessingStepAllowedForOtherPublishers>
      <BillingContext>[{"id":"gdtg_appvacacionesprep_f1411","type":"UnifiedApp","metadata":{"displayName":"APPVACACIONESPREP"}}]</BillingContext>
      <PrimaryEntity>none</PrimaryEntity>
      <LocalizedNames>
        <LocalizedName languagecode="3082" description="SolicitudVacaciones" />
      </LocalizedNames>
    </Workflow>
  </Workflows>
  <FieldSecurityProfiles></FieldSecurityProfiles>
  <Templates />
  <EntityMaps />
  <EntityRelationships />
  <OrganizationSettings />
  <optionsets />
  <CustomControls />
  <EntityDataProviders />
  <CanvasApps>
    <CanvasApp>
      <Name>gdtg_appvacacionesprep_f1411</Name>
      <AppVersion>2024-02-22T18:02:26Z</AppVersion>
      <Status>Ready</Status>
      <CreatedByClientVersion>3.24021.12.0</CreatedByClientVersion>
      <MinClientVersion>3.24021.12.0</MinClientVersion>
      <Tags>{"primaryDeviceWidth":"1366","primaryDeviceHeight":"768","supportsPortrait":"true","supportsLandscape":"true","primaryFormFactor":"Tablet","showStatusBar":"false","publisherVersion":"3.24021.12","minimumRequiredApiVersion":"2.2.0","hasComponent":"false","hasUnlockedComponent":"false","isUnifiedRootApp":"false","offlineLargeFilesSupport":"false","sienaVersion":"20240219T213820Z-3.24021.12.0"}</Tags>
      <IsCdsUpgraded>0</IsCdsUpgraded>
      <GalleryItemId xsi:nil="true"></GalleryItemId>
      <BackgroundColor>rgba(100, 118, 132, 1)</BackgroundColor>
      <DisplayName>APPVACACIONES</DisplayName>
      <Description>Sin comprobante</Description>
      <CommitMessage xsi:nil="true"></CommitMessage>
      <Publisher xsi:nil="true"></Publisher>
      <AuthorizationReferences>[]</AuthorizationReferences>
      <ConnectionReferences>{"4543d43a-305f-4893-9d83-69b720760444":{"id":"/providers/microsoft.powerapps/apis/shared_sharepointonline","displayName":"SharePoint","iconUri":"https://connectoricons-prod.azureedge.net/releases/v1.0.1676/1.0.1676.3617/sharepointonline/icon.png","dataSources":["SolicitudesPREP"],"dependencies":[],"dependents":[],"parameterHints":{},"parameterHintsV2":{},"isOnPremiseConnection":false,"bypassConsent":false,"dataSets":{"https://gdeltesgar.sharepoint.com/sites/RRHH":{"dataSources":{"SolicitudesPREP":{"tableName":"09a3cab4-7a32-49e2-9de9-74c6e8c0825a"}}}},"apiTier":"Standard","actions":["providers/PowerPlatform.Governance/Operations/Read","providers/PowerPlatform.Governance/Operations/Write","providers/PowerPlatform.Governance/Operations/Delete"]},"f29eaa91-dd13-4652-ad03-5ed2b2aef457":{"id":"/providers/microsoft.powerapps/apis/shared_sharepointonline","displayName":"SharePoint","iconUri":"https://connectoricons-prod.azureedge.net/releases/v1.0.1676/1.0.1676.3617/sharepointonline/icon.png","dataSources":["ManagersPREP"],"dependencies":[],"dependents":["343d1283-1155-4a7e-b27b-d764d5859388"],"parameterHints":{},"parameterHintsV2":{},"isOnPremiseConnection":false,"bypassConsent":false,"dataSets":{"https://gdeltesgar.sharepoint.com/sites/RRHH":{"dataSources":{"ManagersPREP":{"tableName":"2f7e6cbd-0199-426b-ba77-4c89c717b6e2"}}}},"apiTier":"Standard","actions":["providers/PowerPlatform.Governance/Operations/Read"]},"343d1283-1155-4a7e-b27b-d764d5859388":{"id":"/providers/microsoft.powerapps/apis/shared_logicflows","displayName":"Flujos lógicos","iconUri":"https://connectoricons-prod.azureedge.net/releases/v1.0.1664/1.0.1664.3477/logicflows/icon.png","dataSources":["SolicitudVacacionesPREP"],"dependencies":["f29eaa91-dd13-4652-ad03-5ed2b2aef457","dcc910dc-ccb5-42a6-b24f-f5373863be63","7e690223-a105-4579-84d7-1077c06e0468"],"dependents":[],"parameterHints":{"workflowName":{"value":"b1697e52-1046-40ce-b9a0-1c6e9f8fe448"},"workflowEntityId":{"value":"dfc4959b-27cb-ee11-9079-000d3a44cbe3"},"workflowDisplayName":{"value":"SolicitudVacacionesPREP"},"f29eaa91-dd13-4652-ad03-5ed2b2aef457":{"value":"shared_sharepointonline_1"},"dcc910dc-ccb5-42a6-b24f-f5373863be63":{"value":"shared_approvals"},"7e690223-a105-4579-84d7-1077c06e0468":{"value":"shared_teams"}},"parameterHintsV2":{"workflowName":{"value":"b1697e52-1046-40ce-b9a0-1c6e9f8fe448"},"workflowEntityId":{"value":"dfc4959b-27cb-ee11-9079-000d3a44cbe3"},"workflowDisplayName":{"value":"SolicitudVacacionesPREP"},"shared_sharepointonline_1":{"value":"f29eaa91-dd13-4652-ad03-5ed2b2aef457"},"shared_approvals":{"value":"dcc910dc-ccb5-42a6-b24f-f5373863be63"},"shared_teams":{"value":"7e690223-a105-4579-84d7-1077c06e0468"}},"isOnPremiseConnection":false,"bypassConsent":false,"dataSets":{},"apiTier":"Standard","actions":["Run"]},"dcc910dc-ccb5-42a6-b24f-f5373863be63":{"id":"/providers/microsoft.powerapps/apis/shared_approvals","displayName":"Aprobaciones","iconUri":"https://connectoricons-prod.azureedge.net/releases/v1.0.1679/1.0.1679.3643/approvals/icon.png","dataSources":[],"dependencies":[],"dependents":["343d1283-1155-4a7e-b27b-d764d5859388"],"parameterHints":{},"parameterHintsV2":{},"isOnPremiseConnection":false,"bypassConsent":false,"dataSets":{},"apiTier":"Standard"},"7e690223-a105-4579-84d7-1077c06e0468":{"id":"/providers/microsoft.powerapps/apis/shared_teams","displayName":"Microsoft Teams","iconUri":"https://connectoricons-prod.azureedge.net/releases/v1.0.1674/1.0.1674.3602/teams/icon.png","dataSources":[],"dependencies":[],"dependents":["343d1283-1155-4a7e-b27b-d764d5859388"],"parameterHints":{},"parameterHintsV2":{},"isOnPremiseConnection":false,"bypassConsent":false,"dataSets":{},"apiTier":"Standard"}}</ConnectionReferences>
      <DatabaseReferences>{}</DatabaseReferences>
      <AppComponents>[]</AppComponents>
      <AppComponentDependencies>[]</AppComponentDependencies>
      <CanConsumeAppPass>1</CanConsumeAppPass>
      <CanvasAppType>0</CanvasAppType>
      <BypassConsent>0</BypassConsent>
      <AdminControlBypassConsent>0</AdminControlBypassConsent>
      <EmbeddedApp xsi:nil="true"></EmbeddedApp>
      <IntroducedVersion>1.0</IntroducedVersion>
      <CdsDependencies>{"cdsdependencies":[{"dependencyid":"dfc4959b-27cb-ee11-9079-000d3a44cbe3","componenttype":29,"componenttypeplatformname":"Workflow"}]}</CdsDependencies>
      <IsCustomizable>1</IsCustomizable>
      <BackgroundImageUri>/CanvasApps/gdtg_appvacacionesprep_f1411_BackgroundImageUri</BackgroundImageUri>
      <DocumentUri>/CanvasApps/gdtg_appvacacionesprep_f1411_DocumentUri.msapp</DocumentUri>
      <AdditionalUris>
        <AdditionalUri>/CanvasApps/gdtg_appvacacionesprep_f1411_AdditionalUris0_identity.json</AdditionalUri>
      </AdditionalUris>
    </CanvasApp>
  </CanvasApps>
  <connectionreferences>
    <connectionreference connectionreferencelogicalname="gdtg_sharedsharepointonline_643a8">
      <connectionreferencedisplayname>SharePoint RRHH_APP_VACACIONES-643a8</connectionreferencedisplayname>
      <connectorid>/providers/Microsoft.PowerApps/apis/shared_sharepointonline</connectorid>
      <iscustomizable>1</iscustomizable>
      <statecode>0</statecode>
      <statuscode>1</statuscode>
    </connectionreference>
    <connectionreference connectionreferencelogicalname="gdtg_sharedteams_a9704">
      <connectionreferencedisplayname>Microsoft Teams RRHH_APP_VACACIONES-a9704</connectionreferencedisplayname>
      <connectorid>/providers/Microsoft.PowerApps/apis/shared_teams</connectorid>
      <iscustomizable>1</iscustomizable>
      <statecode>0</statecode>
      <statuscode>1</statuscode>
    </connectionreference>
    <connectionreference connectionreferencelogicalname="gdtg_sharedwordonlinebusiness_457b6">
      <connectionreferencedisplayname>Word Online (Business) RRHH_APP_VACACIONES-457b6</connectionreferencedisplayname>
      <connectorid>/providers/Microsoft.PowerApps/apis/shared_wordonlinebusiness</connectorid>
      <iscustomizable>1</iscustomizable>
      <statecode>0</statecode>
      <statuscode>1</statuscode>
    </connectionreference>
  </connectionreferences>
  <Languages>
    <Language>3082</Language>
  </Languages>
</ImportExportXml>